rank,layer,neuron,score
1,13,7864,0.4591173754414911
2,10,2899,0.40602698716374797
3,11,6095,0.39824018542465517
4,9,129,0.3774748744300917
5,9,2630,0.37737959059683174
6,12,5121,0.37581171032038385
7,13,3794,0.3718221508106835
8,7,7540,0.36987595223710773
9,12,8769,0.3690514193485206
10,11,5690,0.36613179107973626
11,11,6230,0.3654261005503536
12,12,1672,0.3629298261368226
13,7,1987,0.35300978996715027
14,9,511,0.3477563597153873
15,12,699,0.3410236385569749
16,12,8182,0.3350290930796658
17,8,8956,0.3322648346494169
18,9,4956,0.32685927693683403
19,10,2183,0.32348588609030765
20,13,2630,0.32254761662379466
21,6,4866,0.32166129181271175
22,11,6407,0.31991132745637924
23,9,5107,0.3183448116184478
24,8,2180,0.3146692103404078
25,12,8373,0.31242555706531344
26,13,138,0.31142602387171725
27,10,2909,0.3111632092825916
28,7,2289,0.310802833774133
29,7,335,0.31046223450779514
30,11,2752,0.30722994829306666
31,8,8165,0.3063279751739607
32,11,4078,0.30556185106725287
33,14,3744,0.30519022978199284
34,11,8919,0.3046103051344002
35,15,1033,0.3036024497880759
36,12,7189,0.30356783236974705
37,9,7727,0.30257187415267767
38,12,2770,0.30176362669666085
39,8,3432,0.3010968195576851
40,10,3658,0.3003207229487192
41,7,2397,0.29937380468151403
42,14,502,0.2993376209796293
43,11,7146,0.2981012672838512
44,13,7857,0.29807211545338547
45,13,5186,0.29762147687448415
46,9,2479,0.29674298949595607
47,7,6602,0.29669738398780093
48,14,2846,0.29611746766392066
49,17,3092,0.29557304067314494
50,11,3764,0.29546656809685123
51,15,6620,0.29248640963119665
52,11,4697,0.2923950755002878
53,11,3206,0.29161279425245207
54,14,2011,0.29023588314191623
55,13,1945,0.2899186805117844
56,13,8047,0.28968851046462013
57,14,7959,0.28967197654473575
58,13,432,0.289006021182723
59,17,1888,0.28830320761068745
60,10,4395,0.2881972016012939
61,8,3066,0.28794348429565936
62,12,8254,0.28745815820223214
63,12,8095,0.28706404856172935
64,11,3985,0.2866146532039486
65,13,4950,0.2843861157686774
66,12,5220,0.28416786994974114
67,11,5171,0.2838377357282919
68,7,5088,0.28352663458861843
69,12,7365,0.2816757317191628
70,11,3583,0.2805242478314053
71,18,7960,0.2801760573721568
72,14,485,0.28016994432194486
73,13,7257,0.28014166177141475
74,12,6448,0.279742713302163
75,11,6416,0.27921296562324377
76,13,657,0.2791598563831578
77,10,6202,0.2784172831208623
78,12,4206,0.2776954333248247
79,11,8896,0.2776706931343193
80,6,7250,0.2771621387788961
81,12,3837,0.2767931626728757
82,7,2098,0.2767367985056489
83,6,3029,0.27609824552717516
84,6,4409,0.2759667063714114
85,9,8909,0.2754742662912687
86,12,3412,0.27484926862036524
87,7,4226,0.27480028406981244
88,6,8497,0.2743577496526233
89,7,8627,0.2738078982371644
90,7,4782,0.2737121295887175
91,14,3796,0.2736164696558508
92,8,488,0.27223943079174023
93,12,7831,0.27205495362505266
94,11,2381,0.2717660897017898
95,8,4877,0.2716317319454612
96,7,6812,0.27154799914945266
97,5,4904,0.2711712134194979
98,13,5916,0.2710138714746971
99,12,4001,0.270988671819345
100,9,6007,0.2704078486634116
101,17,3880,0.27005851417589005
102,12,9193,0.2689543569918767
103,7,6394,0.26872946876139203
104,14,7405,0.26852976311491555
105,11,748,0.26821762834043883
106,13,2614,0.2680197702044012
107,9,2411,0.2676402509399131
108,13,997,0.26705680295225404
109,9,9182,0.26690814761366954
110,12,4045,0.26659475327408716
111,13,5974,0.26658020528012766
112,13,9163,0.2665454887893971
113,14,1165,0.266522214477871
114,12,1105,0.26645221853464324
115,11,2602,0.2650749949701856
116,9,4678,0.26451566550791356
117,9,5311,0.2641067396890697
118,7,942,0.26354784942097387
119,14,6238,0.2632222806571911
120,10,3736,0.2630914962510778
121,8,3192,0.2621477846227787
122,6,725,0.2621015078078652
123,13,6884,0.2617528434774898
124,8,3383,0.26174209454747144
125,10,5867,0.26172178053949363
126,10,4373,0.26171426605541237
127,13,2552,0.2610269372342836
128,13,3759,0.2603587590454217
129,8,4523,0.2600779217713829
130,12,2932,0.25994433952990476
131,12,6977,0.2599282689038037
132,21,5674,0.2597527468865496
133,8,6720,0.2593625231230339
134,13,67,0.25908504052666903
135,19,3138,0.25889730112377257
136,12,7075,0.2587308597359027
137,12,6973,0.2586919243486934
138,12,2365,0.2585407149653862
139,5,7861,0.2582814391415014
140,8,6621,0.25812914108878376
141,14,4742,0.2579714367356206
142,6,6839,0.2578542651338178
143,19,6644,0.2570155866353565
144,7,5173,0.2567031028408221
145,7,2494,0.2564845665400723
146,7,5503,0.25646407795727494
147,11,1843,0.25628564976286566
148,13,3365,0.2562517102767957
149,11,4824,0.2562076039181606
150,14,5022,0.2556990617826858
151,10,6714,0.2554116810705163
152,14,8826,0.2552837879161153
153,12,5631,0.25515317833679063
154,7,7260,0.25467366598576313
155,14,7682,0.25418704236024603
156,9,2112,0.2539720133978894
157,8,1331,0.25396885875309655
158,9,1745,0.25395379175944827
159,11,8390,0.25392505511422825
160,7,6650,0.253772441876959
161,11,237,0.25360942525720653
162,16,4163,0.2535623948303871
163,14,6644,0.2523581353994449
164,14,3585,0.25224232146188097
165,7,4921,0.2521898911859618
166,15,3076,0.252037004221633
167,13,1062,0.2519927380621248
168,11,105,0.25197070254471604
169,10,1986,0.2518643321148741
170,13,963,0.2515884372102927
171,25,2210,0.25153126834125955
172,6,8033,0.2514985540513536
173,14,7513,0.2513115245995069
174,19,5287,0.2512943956655348
175,2,3204,0.2509772389114762
176,14,1420,0.2507333015304669
177,15,7392,0.25028291739731784
178,7,7789,0.2501661567181643
179,5,4136,0.25009691082074476
180,5,4467,0.25009486568684425
181,19,5406,0.2500842274073955
182,13,3400,0.24993209381797474
183,11,7026,0.24982868479952874
184,15,8614,0.2497948752454321
185,13,6362,0.24971983037095005
186,12,8268,0.24953537100981688
187,15,1626,0.2494678605684444
188,6,6377,0.2494387533693851
189,18,410,0.2491988422354972
190,11,1700,0.2491259936043512
191,6,862,0.2490712108983097
192,7,8942,0.24885426049671802
193,12,1357,0.24877003092452624
194,5,4077,0.24842709414755448
195,12,969,0.2483697633371799
196,5,1864,0.24800197643415786
197,10,3135,0.2479977866662657
198,9,3843,0.24792784773859486
199,14,3674,0.24785269596361872
200,24,7361,0.2477428370593828
201,13,3091,0.2476895918090852
202,8,7059,0.2476491592477627
203,11,3704,0.24708269559368048
204,10,7403,0.24651540462139004
205,10,4661,0.2461266218595648
206,11,3082,0.24603698229483295
207,8,6767,0.2457801308108113
208,9,6741,0.2457406463628413
209,12,6423,0.24545654922244556
210,2,8478,0.2453820796230671
211,12,1574,0.24488196830886
212,22,6547,0.24480401213101216
213,6,2436,0.24476174206335338
214,6,982,0.2445600958326201
215,14,2917,0.24448731233896392
216,7,4341,0.24407450972709402
217,7,5488,0.2439392084126972
218,0,7791,0.24387361335770155
219,20,4757,0.24355082866740174
220,6,362,0.24344428569209356
221,9,5642,0.24341886399504603
222,16,2796,0.24333622317866385
223,24,8115,0.2432446985769935
224,11,3471,0.24321839060781994
225,13,7841,0.24311977682562896
226,11,1617,0.24297686521592124
227,8,5652,0.24286374208000153
228,10,8507,0.24267831914088353
229,13,2154,0.24248247439197415
230,20,7271,0.24225639981281336
231,15,5922,0.24215796365692793
232,1,3794,0.24214741600276407
233,6,1478,0.2415634010801692
234,14,3268,0.24129203703623744
235,15,2285,0.24126717143470558
236,11,1061,0.24125062841752662
237,14,5651,0.2409862157234239
238,14,5702,0.24094756100634465
239,8,8676,0.24091334287122218
240,9,4407,0.2405315499214836
241,22,6066,0.24052234423653754
242,8,6686,0.24009229909236884
243,8,818,0.24008890890643642
244,10,895,0.24004833954834415
245,2,7236,0.2400195315197517
246,20,8974,0.24001106956405321
247,12,7819,0.23998779121090308
248,11,3152,0.2399860487694649
249,10,809,0.2397769056576044
250,9,4477,0.23958089934291854
251,15,2945,0.2393084449811332
252,10,2789,0.23930611528429374
253,18,7475,0.23929914798415766
254,11,6909,0.23927589106552263
255,13,4828,0.2391285908291884
256,10,7863,0.2390988103682114
257,18,4384,0.2390093495153766
258,12,8124,0.23884043917344555
259,12,5106,0.23883250729876299
260,7,6259,0.2386528431856627
261,18,6280,0.23851697323828566
262,14,7314,0.23851407456774876
263,7,1644,0.23794386013491256
264,7,5971,0.23763460564273572
265,10,2165,0.2372919084933737
266,8,7897,0.23728541130319192
267,9,1929,0.2372630941471899
268,13,8014,0.23724876077486584
269,14,2858,0.2371564583006479
270,7,4776,0.23715367844021285
271,6,297,0.23700530837659678
272,16,268,0.23700165093420694
273,13,8886,0.23692608925675948
274,7,2835,0.23689887519065228
275,14,7325,0.2367766059799773
276,13,3872,0.23660830332351587
277,25,2405,0.23657392070264197
278,14,2055,0.236508680952341
279,13,8350,0.23635069403631687
280,10,6214,0.23626161461349282
281,9,2067,0.2360700179864681
282,15,3901,0.23601155064275034
283,11,6858,0.23576369078555873
284,11,6685,0.23573418982345992
285,11,6071,0.23556197424812578
286,7,9059,0.23549924349317797
287,14,6109,0.2353456216015987
288,17,4495,0.23528379150300366
289,9,6238,0.23527312392062208
290,15,3209,0.23524505108721513
291,14,1662,0.23523455472195484
292,21,8986,0.23516497749219947
293,14,7497,0.23515958256184094
294,16,5260,0.23515846833926685
295,16,4438,0.23509703480825933
296,7,4464,0.23493447440404347
297,14,8104,0.23466592483351967
298,8,366,0.23461208437147696
299,12,5664,0.23458883606917508
300,7,6091,0.23429024781939042
301,19,8892,0.23422062752658362
302,7,4266,0.23418909469995075
303,23,1321,0.23413196414826956
304,13,2469,0.23404315926178457
305,9,7591,0.23398952676210555
306,5,6114,0.23393789058641284
307,22,6303,0.2339268316814856
308,6,4397,0.23383609700653937
309,18,6682,0.23376324771006138
310,15,3433,0.23374810688114642
311,20,6175,0.23354943761029884
312,9,6499,0.23333764903434936
313,10,1140,0.23330681388359198
314,11,7524,0.23315056591154978
315,7,6147,0.23299551745468658
316,19,3007,0.23289639112391747
317,11,7730,0.23288611878716609
318,16,5225,0.23268829745381714
319,7,7038,0.23255399652892286
320,22,3962,0.23253135077122253
321,5,1187,0.23243637735587688
322,11,8050,0.232424779440738
323,6,202,0.23241365496577296
324,17,5625,0.23234528556687023
325,7,40,0.23228740569488535
326,15,5089,0.23215333268240174
327,13,4566,0.23213555355631746
328,24,5716,0.2318812397976074
329,9,3881,0.2316844455928762
330,14,6994,0.23152384535018902
331,11,2877,0.23149195693301025
332,14,6938,0.23148760634863402
333,11,4470,0.23138477941044647
334,7,8904,0.23132946508630145
335,9,1686,0.23132500108931223
336,17,6511,0.23127478788873673
337,16,5072,0.23126529927929873
338,6,3736,0.23123460919852676
339,15,9023,0.23110491390775867
340,11,5966,0.23104074658145046
341,8,3729,0.23102032587495236
342,17,5734,0.23086156176616437
343,13,3520,0.230786657587065
344,6,5723,0.2307575459515094
345,6,2785,0.23075115061507342
346,16,898,0.23058533956562174
347,0,7419,0.2305750684467615
348,4,3672,0.23048382696640166
349,8,5560,0.2304806969057882
350,7,4627,0.23032079880475564
351,25,7461,0.230215871983547
352,14,4024,0.23014485663515266
353,13,8608,0.2301082956186597
354,12,3176,0.23010031607485606
355,9,3844,0.2299545540049236
356,12,1495,0.22988585108154433
357,2,8110,0.22983857244604797
358,5,9057,0.22975792631865383
359,6,7615,0.22974852080475427
360,7,3324,0.22969719815370288
361,24,7584,0.22961151052001985
362,13,3846,0.2295980864822271
363,7,4404,0.22935563124869973
364,14,3128,0.22934964778610234
365,10,6524,0.22932607785385042
366,8,4432,0.22926572672321188
367,13,9083,0.22925674853286013
368,24,6520,0.2291863091368425
369,10,6291,0.2290953894430949
370,14,2380,0.22904603585188035
371,6,5535,0.22879961578583646
372,0,1909,0.22874593546903665
373,7,3717,0.2287199259026499
374,17,3182,0.22865164946098648
375,1,6468,0.22835775599259603
376,17,6068,0.2283497253521943
377,6,1287,0.22822971722834132
378,21,4316,0.22819379794107894
379,19,6609,0.22815854415400147
380,8,5848,0.2281115398767256
381,13,9090,0.22803358940535606
382,11,955,0.2280313865195007
383,6,5876,0.22786045620677917
384,5,967,0.22770242076448655
385,24,7674,0.22767222242846738
386,14,7562,0.22757437797207766
387,11,2508,0.22756606244354818
388,6,5887,0.22744013293193063
389,9,3590,0.22712537076590142
390,19,5096,0.2270141395577915
391,11,1971,0.22701267183081209
392,17,4248,0.22697151801479268
393,14,9052,0.22690938995173002
394,14,5784,0.2268240433628403
395,20,4894,0.2266838064129939
396,23,8347,0.2266313949701046
397,9,2549,0.2265848314092969
398,14,6506,0.22654453631958577
399,8,1591,0.2264189046987437
400,12,2294,0.22636204042029504
401,9,538,0.22630480918920548
402,8,4752,0.22625427244359841
403,8,8341,0.22619292051229534
404,6,810,0.2261669808917397
405,14,8156,0.22609907435189097
406,11,1267,0.2260154958539608
407,7,4413,0.2259518621653212
408,19,7621,0.2259260091270687
409,16,8395,0.22578760529685277
410,5,8729,0.2257873520667252
411,13,3164,0.2257395512990655
412,8,8220,0.22571429399742676
413,11,1239,0.22556786165627374
414,9,7733,0.2255155640020552
415,6,6151,0.22538159086588777
416,11,3401,0.22527444631790128
417,17,7955,0.22520955446637325
418,19,383,0.2251736002980669
419,12,2940,0.22513550101033863
420,8,8521,0.22509068071890054
421,16,2142,0.22507948593292781
422,11,3644,0.22507887210316355
423,6,4567,0.22501513393814251
424,7,6314,0.22501123802270429
425,15,1371,0.22499460819141814
426,16,7924,0.2248879627649927
427,0,28,0.224821095052893
428,14,7450,0.22478871467387532
429,7,5622,0.2247196598103583
430,24,5664,0.22471671321629383
431,13,6516,0.22460843655183751
432,19,5990,0.22460336480810228
433,12,8729,0.2245822182158228
434,20,3371,0.22457642064878316
435,23,6107,0.22456324297519342
436,10,7985,0.22449759454267845
437,14,7422,0.2244816361859954
438,5,2028,0.22429637194623347
439,4,1163,0.2242538681248057
440,9,3212,0.22424906161724006
441,4,8735,0.2241553090566801
442,11,2015,0.22413067388710672
443,5,7883,0.22412600338391067
444,14,7263,0.22409437494732676
445,7,5826,0.22403732034709053
446,4,8797,0.22396512239714045
447,9,3267,0.2239182711798247
448,11,3409,0.22387833115009032
449,16,7796,0.22372786478496975
450,6,3796,0.2235164064416833
451,5,68,0.22351301416802052
452,7,2099,0.2235113214294274
453,7,589,0.22345270186668356
454,13,1297,0.22335099338871162
455,11,8524,0.22331895973199017
456,9,6263,0.22330929111622366
457,6,711,0.2233072980065405
458,14,4553,0.22325435319805714
459,7,5416,0.22317645403936962
460,9,8246,0.22317551371813382
461,13,7540,0.22317484223620876
462,18,6906,0.2231458946390589
463,25,3924,0.22307612499214152
464,12,8745,0.22307331295391036
465,7,722,0.22303743631162795
466,21,6034,0.2229354721720793
467,4,1412,0.22290500261639543
468,13,3489,0.22288226139678483
469,12,1864,0.2227203792256273
470,13,4678,0.2226782577456233
471,14,1316,0.22265204513624978
472,19,1439,0.22262444610423185
473,19,7888,0.2225824603198071
474,8,5154,0.22235530678238213
475,13,3172,0.22230825617137168
476,7,4954,0.22230754440268902
477,16,6169,0.22225562910376218
478,13,4355,0.2222458985145455
479,9,4554,0.22222955575444056
480,17,607,0.22202859940070527
481,7,2020,0.22202226170081987
482,14,570,0.22200413285566087
483,25,2116,0.22191164624211498
484,19,835,0.2218331404640176
485,12,3269,0.22179781891752184
486,21,8109,0.2217796981967479
487,23,6972,0.22173561379536438
488,9,3599,0.22171358330040497
489,15,991,0.22164448210029916
490,13,5697,0.22156733148999372
491,22,6228,0.22150887404079267
492,14,7227,0.22148806858524717
493,3,5689,0.2213841203383735
494,9,9041,0.221354752652298
495,16,4990,0.2213277886751503
496,14,5959,0.2213151313460597
497,8,6997,0.22126172927361334
498,15,7485,0.22116672233189338
499,13,7635,0.22091459041014894
500,23,8909,0.2208984002018312
501,8,7282,0.22088031291086913
502,11,2054,0.22075616299681694
503,12,4608,0.22065743913975885
504,13,3049,0.2206508037931619
505,17,745,0.22062756475079143
506,8,7912,0.22059254708292328
507,17,4696,0.2205743929721092
508,16,7985,0.22054394253716245
509,21,4747,0.22052660680580308
510,6,7919,0.2205172536476608
511,11,4637,0.22048858123457887
512,7,8995,0.22040188458669022
513,12,1167,0.2204014485906873
514,11,2473,0.22038397849317679
515,8,6783,0.22022073818219923
516,9,8239,0.22019112176315261
517,24,4367,0.2201558491471561
518,14,4017,0.220154274833112
519,14,5623,0.22012337275698177
520,16,2317,0.22009740021963514
521,2,6179,0.2200834579923406
522,9,2031,0.21999898735126777
523,5,274,0.21992060069020306
524,3,527,0.21990625625465557
525,12,7753,0.21989080453404747
526,15,4097,0.21985114131603278
527,12,6503,0.21981643997968253
528,5,7159,0.21977017964917328
529,16,4912,0.21973679838029456
530,16,3199,0.21962210843111532
531,9,6854,0.2195662772873911
532,18,4901,0.2194734235041703
533,13,6530,0.21946632232820887
534,13,7094,0.21943362790890925
535,12,533,0.21936860500201605
536,10,772,0.21929217772361553
537,6,5970,0.21924389268340136
538,18,8808,0.2192366009563964
539,15,7733,0.21921890959843354
540,11,1098,0.21917892052300764
541,5,4050,0.21916409202907697
542,8,7965,0.2191640472493293
543,12,3145,0.2190907396108847
544,18,841,0.21909056486551381
545,13,4270,0.21906465169523046
546,13,7485,0.21903396727239582
547,10,1628,0.21885918381050182
548,17,969,0.2188185945793163
549,4,969,0.2187786723392874
550,1,7205,0.21873121152264047
551,13,5049,0.2185931212787331
552,11,1120,0.21856820726401452
553,15,5110,0.21851508604348505
554,14,977,0.2184968330114453
555,17,7920,0.21835940878316765
556,8,2216,0.21834632270221305
557,22,7621,0.2183369399289362
558,9,1623,0.2183319571124128
559,12,5491,0.21829055955445686
560,13,6654,0.21828251931638457
561,19,8940,0.21809337792372077
562,15,2081,0.21807040274053727
563,9,6979,0.21805118335426793
564,8,2133,0.21802469200840582
565,22,8598,0.217870118164568
566,21,8835,0.21783642069999762
567,12,4437,0.21776315676124897
568,16,5690,0.21774072680784104
569,13,2285,0.21770898209840775
570,8,4187,0.21763776576870478
571,10,8931,0.2176337741203706
572,16,4352,0.21763019749691873
573,7,774,0.2176138561409687
574,0,3171,0.21753793550910824
575,11,8746,0.21752849431602064
576,12,1347,0.21751039055858046
577,10,1491,0.217365530064614
578,15,1259,0.2173140138077064
579,14,1332,0.21730648290600915
580,13,8592,0.21726414220210766
581,12,2368,0.2172287127952369
582,15,7677,0.21719803797699913
583,7,3698,0.21704914891997776
584,8,1792,0.21686418916117325
585,7,2225,0.21680846961900935
586,7,1057,0.2167903711209296
587,1,1637,0.2167333937099106
588,6,5330,0.21670031280190089
589,25,3356,0.21669962317430724
590,19,7336,0.2166644573559076
591,9,2649,0.21663999036082052
592,4,5950,0.21662269906163464
593,22,1704,0.21660074061590892
594,7,4269,0.2165380413637504
595,18,2417,0.21646039978735462
596,11,5641,0.2163635150525382
597,11,8193,0.2163457608980642
598,0,8806,0.2162896767622283
599,8,1510,0.21625127299179162
600,17,2156,0.216202794603226
601,25,8379,0.21610671720234464
602,11,8351,0.21608272528222683
603,14,2631,0.21606794048236744
604,7,7530,0.2159986679974252
605,8,6286,0.21595608253393173
606,2,5293,0.21574302837640777
607,3,6245,0.21572872061076975
608,12,3125,0.2157103456492525
609,13,5549,0.21570362144991204
610,1,502,0.21568744527072883
611,11,4974,0.2156826527499569
612,14,2850,0.2156451626309658
613,13,7482,0.21562724812067322
614,8,2161,0.21553498147554317
615,20,219,0.2155095791872052
616,3,5927,0.21542925739751553
617,21,9007,0.2154119396790794
618,16,1682,0.2153248891024953
619,12,763,0.2152775612874179
620,9,8625,0.21524857068266512
621,17,7315,0.21523108425956072
622,9,885,0.21515116054161593
623,12,3112,0.21514396068450756
624,3,8209,0.21507584376619213
625,10,5541,0.21507573353355552
626,13,201,0.21502740167881834
627,10,4723,0.2149266677648005
628,25,1626,0.21491081402208434
629,12,9081,0.21490351937760402
630,23,7361,0.21475102232341034
631,7,2035,0.21474626241494363
632,6,7540,0.21470461898757648
633,13,5889,0.21468125672149307
634,20,2346,0.21463891560985918
635,9,7992,0.2146299267413691
636,12,6949,0.21459745777579636
637,13,3531,0.21456072554078956
638,13,7998,0.2144986061715781
639,11,8562,0.21444583115361474
640,11,8175,0.21436535179042202
641,6,1651,0.21433314185149385
642,7,1873,0.21428484708089546
643,9,3852,0.21427791750208122
644,13,175,0.21426735978385822
645,23,6444,0.21426040773923985
646,14,1395,0.21417846058047002
647,8,5960,0.21411788562660444
648,24,409,0.214039816915347
649,20,3452,0.21399985765481908
650,16,6074,0.2139258194673796
651,11,6021,0.21391096023220252
652,9,3494,0.21390673530831336
653,21,8842,0.2138941932736778
654,8,5500,0.21388205651205008
655,14,536,0.21388106486312877
656,10,8056,0.2138790972685881
657,10,2759,0.21384410260304645
658,14,7848,0.2137850773529424
659,8,3002,0.21374251161765703
660,13,6142,0.21373333839724018
661,7,4705,0.21370289282090038
662,11,7737,0.2136159580319087
663,11,2393,0.21360432099889437
664,1,7370,0.21359314185186848
665,12,7404,0.21351652018762007
666,19,3290,0.21350937490115132
667,8,3213,0.21349430525428628
668,6,6517,0.21345653618287588
669,13,1367,0.21342870329611202
670,13,4681,0.21340567193604232
671,2,8148,0.21338828887183925
672,19,8154,0.21334307837848482
673,12,4474,0.21330272131540848
674,16,2427,0.21329805216860062
675,14,2184,0.21326076755946521
676,16,3593,0.21326046031200777
677,8,7271,0.213250814041313
678,23,1980,0.21322938703109515
679,8,7409,0.2132109704442571
680,11,6712,0.21319378587493057
681,6,3229,0.21316613589225486
682,13,632,0.21316381354041508
683,16,6001,0.21313613448975663
684,24,3958,0.21313245987782994
685,19,5311,0.2131201953261323
686,13,4067,0.21307035672699284
687,21,4875,0.21306801389836486
688,15,6507,0.21305619494634134
689,18,2497,0.21293226670143794
690,10,8346,0.21293026422691885
691,11,6132,0.21292274273255327
692,12,7575,0.21291205065613347
693,10,399,0.2128597394117393
694,12,455,0.21281304306483592
695,18,2887,0.21276506859213032
696,16,5653,0.21272302275255145
697,6,7520,0.21257383641537994
698,8,203,0.21257050200639896
699,17,8849,0.2125668171316624
700,10,2954,0.21255382313184643
701,10,7973,0.2124956213327731
702,22,8241,0.2124806494926151
703,7,2924,0.21246165182433233
704,13,4391,0.21241075951711422
705,23,7861,0.21240327145078278
706,17,214,0.2123812541752896
707,0,7652,0.21235893345825765
708,14,3654,0.21233920901924483
709,12,7719,0.21231292205721128
710,19,8189,0.2123007076055415
711,24,5753,0.21228839275075106
712,13,8027,0.21228734190934426
713,0,7781,0.21228430207405652
714,14,139,0.21224149438353387
715,3,4160,0.21222909009177918
716,10,283,0.21222693570313703
717,16,5027,0.21222622210728878
718,6,7747,0.21221234617021117
719,12,6120,0.21218290827544256
720,13,2119,0.21215248686675328
721,21,9029,0.21212295476821066
722,11,6478,0.212117352032078
723,8,974,0.21208273060967775
724,14,1051,0.2120718668484655
725,11,6164,0.2120688041259085
726,2,9093,0.21206781896889335
727,8,417,0.2120567054814522
728,6,5666,0.21201421425334688
729,10,1581,0.21198887234593164
730,8,9190,0.21195025999531128
731,0,6151,0.21193568529190335
732,23,4654,0.21191980406849234
733,0,4524,0.21189407045330474
734,14,5659,0.21185950706085535
735,18,7812,0.21182676515812954
736,8,908,0.211795516409433
737,7,8490,0.21171546924228338
738,21,3011,0.21169568567513997
739,16,2855,0.2116723835227818
740,2,5255,0.21165821295667808
741,13,8972,0.21162656131076304
742,8,1458,0.21160303872869063
743,24,5489,0.21157477985944934
744,6,6781,0.21150124653408392
745,14,222,0.21149033454733748
746,11,22,0.21146365709657686
747,14,6820,0.21144975855522422
748,5,3057,0.21139860959020676
749,9,6751,0.21130380350640135
750,17,3874,0.21130184461498033
751,22,8520,0.21128386482627956
752,5,98,0.21126889372148555
753,12,4305,0.21126431606823506
754,11,8942,0.2112525201087854
755,13,4820,0.21124759173718635
756,15,5936,0.21124730848856102
757,20,7608,0.21119706068583535
758,3,6934,0.21108065336145138
759,16,8337,0.21105186392884775
760,12,3836,0.21102659299801435
761,11,3645,0.21098279819638877
762,9,309,0.21098152270760923
763,16,7077,0.21097477571812898
764,11,6392,0.21085805435792918
765,19,1385,0.21080293852258308
766,12,3248,0.21074518164616965
767,1,7268,0.21071957383187886
768,20,8186,0.21070527596403724
769,6,7570,0.21068150414549888
770,24,2985,0.21064688637077392
771,7,6703,0.21055128123648228
772,5,8697,0.2104985690063219
773,18,6232,0.21049596447954158
774,8,6754,0.21047493775350676
775,18,1150,0.21046460199866576
776,9,3021,0.21044729446874405
777,17,5550,0.21035766689747432
778,15,2129,0.21032676985728263
779,21,7784,0.2102896769244279
780,17,3231,0.21024955610210536
781,11,7427,0.21019601472493712
782,12,4929,0.21019531590822338
783,13,3246,0.2101932549614548
784,20,4770,0.2101662293452225
785,15,92,0.21012271321621104
786,21,7575,0.21010729736723804
787,13,5849,0.21009526961050895
788,16,7004,0.21004579862956335
789,5,2059,0.21004062136845056
790,6,6619,0.21002723058521347
791,15,4631,0.21002238123639844
792,19,4864,0.21002089249016315
793,10,898,0.21001457556174175
794,8,4021,0.20998650951008394
795,6,5563,0.20998000055755509
796,16,3142,0.20997213433176695
797,19,5047,0.20994822861059367
798,24,4198,0.2098825110932225
799,0,2006,0.20986027326510207
800,11,4838,0.20983949869003066
801,14,6417,0.20979074017287663
802,3,8112,0.2097895797370786
803,11,4821,0.20977373750817155
804,11,7107,0.20967824457385342
805,5,8685,0.20966144661966007
806,21,2755,0.2096174942167998
807,10,2417,0.20960453194273312
808,14,5172,0.2095934918961356
809,14,7978,0.20957636266926305
810,14,5130,0.20956953988026814
811,16,6609,0.20955537765126314
812,24,6057,0.20955372282446894
813,21,1505,0.20954095801110073
814,11,5333,0.2094569074195646
815,11,7449,0.20944643829899126
816,22,5635,0.20937986681377702
817,25,598,0.20936483885015428
818,20,4068,0.20934727028370312
819,8,5518,0.20926889386047443
820,6,2552,0.20926050489885356
821,15,8029,0.20916756132226136
822,7,4729,0.20915261828300696
823,9,2078,0.20913602022526198
824,23,4097,0.209104709914151
825,19,2664,0.2090765528991095
826,19,776,0.20907385689665503
827,7,8639,0.20904369296553668
828,15,876,0.20899445752918042
829,10,7241,0.20896145450500722
830,7,807,0.20896065633158095
831,15,446,0.20893019880147876
832,8,7491,0.20891781576999183
833,21,4889,0.2088958530246373
834,12,856,0.20889103860303396
835,5,3369,0.20882681227475605
836,6,9176,0.20877916789380535
837,13,3499,0.2087672859152453
838,16,3196,0.2087645786443842
839,19,1302,0.20874390339013502
840,22,5630,0.2087410301874924
841,11,6154,0.20872865423842857
842,7,6485,0.20872078598370916
843,18,80,0.20870624419506612
844,16,1607,0.2086938861402265
845,10,8029,0.2086857158822811
846,9,8819,0.20868348493391917
847,10,2333,0.20862718342463094
848,10,6145,0.20859153217103432
849,7,7582,0.20857838956505734
850,21,8673,0.2084919088128535
851,15,6342,0.2084624547772131
852,12,5810,0.2084393379114521
853,12,7203,0.20835068691093211
854,8,1665,0.20828197772136492
855,14,2000,0.2082209554836965
856,2,3731,0.20821172346609224
857,8,5627,0.20815320510742422
858,2,7784,0.20809287666105067
859,25,7468,0.20808634244160776
860,5,4395,0.20808632455945966
861,20,1258,0.2080756343726075
862,18,4932,0.20805098054821275
863,19,6780,0.2080289949940245
864,9,7083,0.20802157469198324
865,13,778,0.20801736478999572
866,10,4211,0.20797573947467277
867,18,3844,0.20797154032651033
868,7,7782,0.20797016359092993
869,7,1065,0.2079598677924893
870,11,8877,0.20788158415586536
871,16,2101,0.20784536364223966
872,2,8116,0.2078396935139312
873,14,3841,0.2077976572959505
874,14,4307,0.20778486500197244
875,8,4155,0.20777565987161636
876,12,7098,0.20774201471242829
877,10,2740,0.2076579617427423
878,22,9176,0.20764666459794048
879,8,467,0.20754916342252594
880,10,8254,0.20754428886191925
881,7,8127,0.2075427023369526
882,7,5013,0.20752729333623118
883,6,5122,0.20751177990602815
884,22,360,0.20748220820258487
885,11,703,0.20743036358982772
886,10,473,0.207410974033909
887,15,661,0.20737045513816943
888,15,3923,0.2073382957318439
889,2,8655,0.20731957751261748
890,2,5826,0.20728536726788777
891,9,7420,0.20727627252796177
892,17,8057,0.20724219344451394
893,16,2029,0.20722633306967528
894,14,6662,0.207223329585374
895,8,6390,0.2071200087732759
896,15,8848,0.2071079782847454
897,8,6960,0.20709256493126793
898,10,850,0.20704319797655377
899,10,3313,0.20700730624853989
900,8,7394,0.2069784947173403
901,6,7051,0.2069150498702062
902,5,7012,0.20689416696546004
903,14,7256,0.2068557177670667
904,4,8346,0.20682593580434255
905,4,6357,0.20682367688958703
906,15,4962,0.20679809330660923
907,0,1579,0.20675692898705159
908,21,8745,0.2067429297107271
909,7,3639,0.20670284704487546
910,5,5232,0.20664862802748227
911,13,6166,0.20664618547097427
912,9,3713,0.2066245816674212
913,24,1271,0.20661715975037648
914,19,3029,0.20661126516628311
915,15,3922,0.20657919096036267
916,11,6291,0.20655726550631423
917,16,7462,0.2065032445569745
918,16,8023,0.20648130943251078
919,5,2665,0.20646234575091924
920,11,1532,0.2064578276513076
921,24,4568,0.20644796147712408
922,15,9197,0.20643774673294032
923,0,3717,0.2063925725753211
924,16,8298,0.20628615572684675
925,15,6346,0.20628132362952814
926,7,3667,0.20620630023304737
927,9,6787,0.20619843260180862
928,14,8071,0.20619798140326465
929,5,2217,0.20619753382483286
930,8,3537,0.20618770634608982
931,18,6619,0.2061208339609814
932,4,4526,0.20606736905361367
933,15,5886,0.20593657769407964
934,10,4179,0.20590366958749545
935,22,7908,0.20589338705894034
936,6,9115,0.20589121344943817
937,11,1751,0.20587363505817338
938,7,1478,0.20584896799196817
939,10,5388,0.20580733425947773
940,0,4574,0.20579851937863083
941,10,4368,0.20572357041951914
942,22,3870,0.20570395811641262
943,13,7602,0.2056617040494097
944,5,2258,0.20565728351783097
945,6,2335,0.20564687825362032
946,8,8124,0.20562766233595203
947,16,1505,0.2055733423841051
948,13,8833,0.20557213232597135
949,6,2574,0.20556606233302405
950,19,4816,0.20552602777591067
951,4,4744,0.20545777375297763
952,7,7525,0.2054056341620424
953,22,5263,0.20531667507472934
954,8,2590,0.20530376208079015
955,19,8108,0.20527752162069474
956,9,2872,0.20522604269154418
957,9,4374,0.2051926570755029
958,8,4086,0.20517716508476963
959,5,4701,0.20516799751225934
960,21,3146,0.20514049021329678
961,15,3644,0.20513208893680895
962,10,6821,0.2051214283229353
963,17,4403,0.20509549544822953
964,17,2858,0.2050612577457446
965,24,5680,0.20504387612285319
966,11,5577,0.20504265049319295
967,20,3918,0.20504209204490606
968,7,8891,0.20503727211958295
969,13,6874,0.20501360964489837
970,25,7602,0.2050121658389027
971,6,2908,0.20498947302103532
972,11,1114,0.2049328280204877
973,17,7338,0.2048920989052616
974,13,3218,0.20483334407064047
975,19,3732,0.20482987936144795
976,24,7299,0.20475407090582634
977,7,456,0.20474211944645
978,7,6723,0.20471183896423287
979,6,153,0.20468819126540092
980,14,941,0.2046687681896677
981,5,9135,0.20466694409711425
982,18,2651,0.20466055823164664
983,12,2075,0.2046533465636985
984,12,826,0.20463087811872216
985,9,6478,0.20458590394365586
986,11,1831,0.2045782060816515
987,9,5247,0.20454590400667355
988,15,8544,0.2045377767518008
989,21,1752,0.20452545883436699
990,12,7621,0.20451309748310817
991,11,4893,0.20448261053740324
992,10,5692,0.20443109635352597
993,16,5916,0.20441937758330186
994,13,7218,0.20439513201356466
995,11,9133,0.20438821310167465
996,9,4781,0.2043859896872265
997,9,4213,0.20437005125085617
998,0,6799,0.2043339692195142
999,16,294,0.20432840515166054
1000,12,648,0.20432357646008126
